{
  "baseline_solving_rates": {
    "overall": 12.0,
    "total": 200,
    "score_1": 24,
    "categories": {
      "Rule System Application": 11.666666666666666,
      "Empirical Discovery & Simulation": 8.695652173913043,
      "Domain Knowledge Reasoning": 11.267605633802818,
      "Procedural Task Execution": 15.217391304347828
    },
    "category_counts": {
      "Rule System Application": 60,
      "Empirical Discovery & Simulation": 23,
      "Domain Knowledge Reasoning": 71,
      "Procedural Task Execution": 46
    }
  },
  "ace_solving_rates": {
    "overall": 16.0,
    "total": 200,
    "score_1": 32,
    "categories": {
      "Rule System Application": 20.0,
      "Empirical Discovery & Simulation": 13.043478260869565,
      "Domain Knowledge Reasoning": 14.084507042253522,
      "Procedural Task Execution": 15.217391304347828
    },
    "category_counts": {
      "Rule System Application": 60,
      "Empirical Discovery & Simulation": 23,
      "Domain Knowledge Reasoning": 71,
      "Procedural Task Execution": 46
    }
  },
  "baseline_error_distribution": {
    "CONTEXT_IGNORED": 57.49999999999999,
    "CONTEXT_MISUSED": 3.0,
    "FORMAT_ERROR": 40.5,
    "REFUSAL": 21.5
  },
  "ace_error_distribution": {
    "CONTEXT_IGNORED": 53.5,
    "CONTEXT_MISUSED": 4.0,
    "FORMAT_ERROR": 42.0,
    "REFUSAL": 22.0
  },
  "baseline_metrics": {
    "avg_latency_ms": 24481.1036914296,
    "p50_latency_ms": 24120.36266596988,
    "p95_latency_ms": 51741.80733296089,
    "avg_tokens": 12100.995,
    "avg_prompt_tokens": 10008.315,
    "avg_completion_tokens": 2092.68,
    "total_tokens": 2420199,
    "total_prompt_tokens": 2001663,
    "total_completion_tokens": 418536,
    "cost_usd": 6.68743875
  },
  "ace_metrics": {
    "avg_latency_ms": 24025.406068528537,
    "p50_latency_ms": 20242.988124955446,
    "p95_latency_ms": 56240.97020784393,
    "avg_tokens": 12145.28,
    "avg_prompt_tokens": 10140.82,
    "avg_completion_tokens": 2004.46,
    "total_tokens": 2429056,
    "total_prompt_tokens": 2028164,
    "total_completion_tokens": 400892,
    "cost_usd": 6.544124999999999
  },
  "baseline_category_metrics": {
    "Rule System Application": {
      "avg_latency_ms": 23552.83587294398,
      "p50_latency_ms": 20565.465125022456,
      "p95_latency_ms": 52728.410416981205,
      "avg_tokens": 15326.183333333332,
      "avg_prompt_tokens": 13528.116666666667,
      "avg_completion_tokens": 1798.0666666666666,
      "total_tokens": 919571,
      "total_prompt_tokens": 811687,
      "total_completion_tokens": 107884,
      "cost_usd": 2.0934487500000003
    },
    "Empirical Discovery & Simulation": {
      "avg_latency_ms": 19730.69903251472,
      "p50_latency_ms": 13701.839207904413,
      "p95_latency_ms": 53653.71537487954,
      "avg_tokens": 18338.304347826088,
      "avg_prompt_tokens": 17096.130434782608,
      "avg_completion_tokens": 1242.1739130434783,
      "total_tokens": 421781,
      "total_prompt_tokens": 393211,
      "total_completion_tokens": 28570,
      "cost_usd": 0.77721375
    },
    "Domain Knowledge Reasoning": {
      "avg_latency_ms": 24680.889519328302,
      "p50_latency_ms": 24871.34079192765,
      "p95_latency_ms": 51741.80733296089,
      "avg_tokens": 9180.43661971831,
      "avg_prompt_tokens": 6886.661971830986,
      "avg_completion_tokens": 2293.774647887324,
      "total_tokens": 651811,
      "total_prompt_tokens": 488953,
      "total_completion_tokens": 162858,
      "cost_usd": 2.23977125
    },
    "Procedural Task Execution": {
      "avg_latency_ms": 27758.725049763754,
      "p50_latency_ms": 30812.466792063788,
      "p95_latency_ms": 50672.807374969125,
      "avg_tokens": 9283.391304347826,
      "avg_prompt_tokens": 6691.565217391304,
      "avg_completion_tokens": 2591.8260869565215,
      "total_tokens": 427036,
      "total_prompt_tokens": 307812,
      "total_completion_tokens": 119224,
      "cost_usd": 1.577005
    }
  },
  "ace_category_metrics": {
    "Rule System Application": {
      "avg_latency_ms": 21342.59964794231,
      "p50_latency_ms": 17731.288583017886,
      "p95_latency_ms": 56240.97020784393,
      "avg_tokens": 15403.266666666666,
      "avg_prompt_tokens": 13660.116666666667,
      "avg_completion_tokens": 1743.15,
      "total_tokens": 924196,
      "total_prompt_tokens": 819607,
      "total_completion_tokens": 104589,
      "cost_usd": 2.07039875
    },
    "Empirical Discovery & Simulation": {
      "avg_latency_ms": 18317.773632188935,
      "p50_latency_ms": 11834.39629105851,
      "p95_latency_ms": 38811.523540876806,
      "avg_tokens": 18425.91304347826,
      "avg_prompt_tokens": 17232.565217391304,
      "avg_completion_tokens": 1193.3478260869565,
      "total_tokens": 423796,
      "total_prompt_tokens": 396349,
      "total_completion_tokens": 27447,
      "cost_usd": 0.76990625
    },
    "Domain Knowledge Reasoning": {
      "avg_latency_ms": 26742.208694193094,
      "p50_latency_ms": 29055.096332915127,
      "p95_latency_ms": 59722.50825003721,
      "avg_tokens": 9280.971830985916,
      "avg_prompt_tokens": 7018.647887323944,
      "avg_completion_tokens": 2262.323943661972,
      "total_tokens": 658949,
      "total_prompt_tokens": 498324,
      "total_completion_tokens": 160625,
      "cost_usd": 2.229155
    },
    "Procedural Task Execution": {
      "avg_latency_ms": 26185.209217415515,
      "p50_latency_ms": 20242.988124955446,
      "p95_latency_ms": 55900.927332928404,
      "avg_tokens": 9176.41304347826,
      "avg_prompt_tokens": 6823.565217391304,
      "avg_completion_tokens": 2352.8478260869565,
      "total_tokens": 422115,
      "total_prompt_tokens": 313884,
      "total_completion_tokens": 108231,
      "cost_usd": 1.474665
    }
  },
  "baseline_v4_diagnostics": {},
  "ace_v4_diagnostics": {}
}